{
    "train precision": 0.5410879629629629,
    "train recall": 0.8943089430894309,
    "train f1": 0.6742383270236163,
    "test precision": 0.5268571428571428,
    "test recall": 0.8820153061224489,
    "test f1": 0.6596708800381588
}