{
    "train precision": 0.538830297219559,
    "train recall": 0.895855472901169,
    "train f1": 0.6729195769307523,
    "test precision": 0.5485714285714286,
    "test recall": 0.884479092841956,
    "test f1": 0.6771568095496473
}